[{"model": "auth.permission", "pk": 1, "fields": {"name": "Can add log entry", "content_type": 1, "codename": "add_logentry"}}, {"model": "auth.permission", "pk": 2, "fields": {"name": "Can change log entry", "content_type": 1, "codename": "change_logentry"}}, {"model": "auth.permission", "pk": 3, "fields": {"name": "Can delete log entry", "content_type": 1, "codename": "delete_logentry"}}, {"model": "auth.permission", "pk": 4, "fields": {"name": "Can view log entry", "content_type": 1, "codename": "view_logentry"}}, {"model": "auth.permission", "pk": 5, "fields": {"name": "Can add permission", "content_type": 2, "codename": "add_permission"}}, {"model": "auth.permission", "pk": 6, "fields": {"name": "Can change permission", "content_type": 2, "codename": "change_permission"}}, {"model": "auth.permission", "pk": 7, "fields": {"name": "Can delete permission", "content_type": 2, "codename": "delete_permission"}}, {"model": "auth.permission", "pk": 8, "fields": {"name": "Can view permission", "content_type": 2, "codename": "view_permission"}}, {"model": "auth.permission", "pk": 9, "fields": {"name": "Can add group", "content_type": 3, "codename": "add_group"}}, {"model": "auth.permission", "pk": 10, "fields": {"name": "Can change group", "content_type": 3, "codename": "change_group"}}, {"model": "auth.permission", "pk": 11, "fields": {"name": "Can delete group", "content_type": 3, "codename": "delete_group"}}, {"model": "auth.permission", "pk": 12, "fields": {"name": "Can view group", "content_type": 3, "codename": "view_group"}}, {"model": "auth.permission", "pk": 13, "fields": {"name": "Can add user", "content_type": 4, "codename": "add_user"}}, {"model": "auth.permission", "pk": 14, "fields": {"name": "Can change user", "content_type": 4, "codename": "change_user"}}, {"model": "auth.permission", "pk": 15, "fields": {"name": "Can delete user", "content_type": 4, "codename": "delete_user"}}, {"model": "auth.permission", "pk": 16, "fields": {"name": "Can view user", "content_type": 4, "codename": "view_user"}}, {"model": "auth.permission", "pk": 17, "fields": {"name": "Can add content type", "content_type": 5, "codename": "add_contenttype"}}, {"model": "auth.permission", "pk": 18, "fields": {"name": "Can change content type", "content_type": 5, "codename": "change_contenttype"}}, {"model": "auth.permission", "pk": 19, "fields": {"name": "Can delete content type", "content_type": 5, "codename": "delete_contenttype"}}, {"model": "auth.permission", "pk": 20, "fields": {"name": "Can view content type", "content_type": 5, "codename": "view_contenttype"}}, {"model": "auth.permission", "pk": 21, "fields": {"name": "Can add session", "content_type": 6, "codename": "add_session"}}, {"model": "auth.permission", "pk": 22, "fields": {"name": "Can change session", "content_type": 6, "codename": "change_session"}}, {"model": "auth.permission", "pk": 23, "fields": {"name": "Can delete session", "content_type": 6, "codename": "delete_session"}}, {"model": "auth.permission", "pk": 24, "fields": {"name": "Can view session", "content_type": 6, "codename": "view_session"}}, {"model": "auth.permission", "pk": 25, "fields": {"name": "Can add Token", "content_type": 7, "codename": "add_token"}}, {"model": "auth.permission", "pk": 26, "fields": {"name": "Can change Token", "content_type": 7, "codename": "change_token"}}, {"model": "auth.permission", "pk": 27, "fields": {"name": "Can delete Token", "content_type": 7, "codename": "delete_token"}}, {"model": "auth.permission", "pk": 28, "fields": {"name": "Can view Token", "content_type": 7, "codename": "view_token"}}, {"model": "auth.permission", "pk": 29, "fields": {"name": "Can add token", "content_type": 8, "codename": "add_tokenproxy"}}, {"model": "auth.permission", "pk": 30, "fields": {"name": "Can change token", "content_type": 8, "codename": "change_tokenproxy"}}, {"model": "auth.permission", "pk": 31, "fields": {"name": "Can delete token", "content_type": 8, "codename": "delete_tokenproxy"}}, {"model": "auth.permission", "pk": 32, "fields": {"name": "Can view token", "content_type": 8, "codename": "view_tokenproxy"}}, {"model": "auth.permission", "pk": 33, "fields": {"name": "Can add author", "content_type": 9, "codename": "add_author"}}, {"model": "auth.permission", "pk": 34, "fields": {"name": "Can change author", "content_type": 9, "codename": "change_author"}}, {"model": "auth.permission", "pk": 35, "fields": {"name": "Can delete author", "content_type": 9, "codename": "delete_author"}}, {"model": "auth.permission", "pk": 36, "fields": {"name": "Can view author", "content_type": 9, "codename": "view_author"}}, {"model": "auth.permission", "pk": 37, "fields": {"name": "Can add book", "content_type": 10, "codename": "add_book"}}, {"model": "auth.permission", "pk": 38, "fields": {"name": "Can change book", "content_type": 10, "codename": "change_book"}}, {"model": "auth.permission", "pk": 39, "fields": {"name": "Can delete book", "content_type": 10, "codename": "delete_book"}}, {"model": "auth.permission", "pk": 40, "fields": {"name": "Can view book", "content_type": 10, "codename": "view_book"}}, {"model": "auth.permission", "pk": 41, "fields": {"name": "Can add course", "content_type": 11, "codename": "add_course"}}, {"model": "auth.permission", "pk": 42, "fields": {"name": "Can change course", "content_type": 11, "codename": "change_course"}}, {"model": "auth.permission", "pk": 43, "fields": {"name": "Can delete course", "content_type": 11, "codename": "delete_course"}}, {"model": "auth.permission", "pk": 44, "fields": {"name": "Can view course", "content_type": 11, "codename": "view_course"}}, {"model": "auth.permission", "pk": 45, "fields": {"name": "Can add customer", "content_type": 12, "codename": "add_customer"}}, {"model": "auth.permission", "pk": 46, "fields": {"name": "Can change customer", "content_type": 12, "codename": "change_customer"}}, {"model": "auth.permission", "pk": 47, "fields": {"name": "Can delete customer", "content_type": 12, "codename": "delete_customer"}}, {"model": "auth.permission", "pk": 48, "fields": {"name": "Can view customer", "content_type": 12, "codename": "view_customer"}}, {"model": "auth.permission", "pk": 49, "fields": {"name": "Can add listing", "content_type": 13, "codename": "add_listing"}}, {"model": "auth.permission", "pk": 50, "fields": {"name": "Can change listing", "content_type": 13, "codename": "change_listing"}}, {"model": "auth.permission", "pk": 51, "fields": {"name": "Can delete listing", "content_type": 13, "codename": "delete_listing"}}, {"model": "auth.permission", "pk": 52, "fields": {"name": "Can view listing", "content_type": 13, "codename": "view_listing"}}, {"model": "auth.permission", "pk": 53, "fields": {"name": "Can add listing request", "content_type": 14, "codename": "add_listingrequest"}}, {"model": "auth.permission", "pk": 54, "fields": {"name": "Can change listing request", "content_type": 14, "codename": "change_listingrequest"}}, {"model": "auth.permission", "pk": 55, "fields": {"name": "Can delete listing request", "content_type": 14, "codename": "delete_listingrequest"}}, {"model": "auth.permission", "pk": 56, "fields": {"name": "Can view listing request", "content_type": 14, "codename": "view_listingrequest"}}, {"model": "auth.permission", "pk": 57, "fields": {"name": "Can add locality", "content_type": 15, "codename": "add_locality"}}, {"model": "auth.permission", "pk": 58, "fields": {"name": "Can change locality", "content_type": 15, "codename": "change_locality"}}, {"model": "auth.permission", "pk": 59, "fields": {"name": "Can delete locality", "content_type": 15, "codename": "delete_locality"}}, {"model": "auth.permission", "pk": 60, "fields": {"name": "Can view locality", "content_type": 15, "codename": "view_locality"}}, {"model": "auth.permission", "pk": 61, "fields": {"name": "Can add major", "content_type": 16, "codename": "add_major"}}, {"model": "auth.permission", "pk": 62, "fields": {"name": "Can change major", "content_type": 16, "codename": "change_major"}}, {"model": "auth.permission", "pk": 63, "fields": {"name": "Can delete major", "content_type": 16, "codename": "delete_major"}}, {"model": "auth.permission", "pk": 64, "fields": {"name": "Can view major", "content_type": 16, "codename": "view_major"}}, {"model": "auth.permission", "pk": 65, "fields": {"name": "Can add school location", "content_type": 17, "codename": "add_schoollocation"}}, {"model": "auth.permission", "pk": 66, "fields": {"name": "Can change school location", "content_type": 17, "codename": "change_schoollocation"}}, {"model": "auth.permission", "pk": 67, "fields": {"name": "Can delete school location", "content_type": 17, "codename": "delete_schoollocation"}}, {"model": "auth.permission", "pk": 68, "fields": {"name": "Can view school location", "content_type": 17, "codename": "view_schoollocation"}}, {"model": "auth.permission", "pk": 69, "fields": {"name": "Can add transaction", "content_type": 18, "codename": "add_transaction"}}, {"model": "auth.permission", "pk": 70, "fields": {"name": "Can change transaction", "content_type": 18, "codename": "change_transaction"}}, {"model": "auth.permission", "pk": 71, "fields": {"name": "Can delete transaction", "content_type": 18, "codename": "delete_transaction"}}, {"model": "auth.permission", "pk": 72, "fields": {"name": "Can view transaction", "content_type": 18, "codename": "view_transaction"}}, {"model": "auth.permission", "pk": 73, "fields": {"name": "Can add school", "content_type": 19, "codename": "add_school"}}, {"model": "auth.permission", "pk": 74, "fields": {"name": "Can change school", "content_type": 19, "codename": "change_school"}}, {"model": "auth.permission", "pk": 75, "fields": {"name": "Can delete school", "content_type": 19, "codename": "delete_school"}}, {"model": "auth.permission", "pk": 76, "fields": {"name": "Can view school", "content_type": 19, "codename": "view_school"}}, {"model": "auth.permission", "pk": 77, "fields": {"name": "Can add course book", "content_type": 20, "codename": "add_coursebook"}}, {"model": "auth.permission", "pk": 78, "fields": {"name": "Can change course book", "content_type": 20, "codename": "change_coursebook"}}, {"model": "auth.permission", "pk": 79, "fields": {"name": "Can delete course book", "content_type": 20, "codename": "delete_coursebook"}}, {"model": "auth.permission", "pk": 80, "fields": {"name": "Can view course book", "content_type": 20, "codename": "view_coursebook"}}, {"model": "auth.permission", "pk": 81, "fields": {"name": "Can add request message", "content_type": 21, "codename": "add_requestmessage"}}, {"model": "auth.permission", "pk": 82, "fields": {"name": "Can change request message", "content_type": 21, "codename": "change_requestmessage"}}, {"model": "auth.permission", "pk": 83, "fields": {"name": "Can delete request message", "content_type": 21, "codename": "delete_requestmessage"}}, {"model": "auth.permission", "pk": 84, "fields": {"name": "Can view request message", "content_type": 21, "codename": "view_requestmessage"}}, {"model": "auth.user", "pk": 4, "fields": {"password": "pbkdf2_sha256$216000$eNLrGT7F5cQe$LxxNbbs+tp+TZee0vqGQCifdxuAuu/zxFg5+LvPcVrQ=", "last_login": null, "is_superuser": false, "username": "cb1562", "first_name": "Corey", "last_name": "Bean", "email": "cb1562@messiah.edu", "is_staff": false, "is_active": true, "date_joined": "2020-12-06T00:41:52.670Z", "groups": [], "user_permissions": []}}, {"model": "auth.user", "pk": 5, "fields": {"password": "pbkdf2_sha256$216000$fdl26Qx6ctda$IwWTbX3j1+B0ZzmcLpHy5IUpL0aoww4VoPaqRXht3jQ=", "last_login": "2020-12-06T00:49:14.947Z", "is_superuser": true, "username": "searock35", "first_name": "Corey", "last_name": "Bean", "email": "searock35@messiah.edu", "is_staff": false, "is_active": true, "date_joined": "2020-12-06T00:43:07.871Z", "groups": [], "user_permissions": []}}, {"model": "auth.user", "pk": 6, "fields": {"password": "pbkdf2_sha256$216000$l8NKpJiHzBfq$lGOtFitJ+Vknyus5WFGpth4S8ZOTig7f8kN1Oizoot0=", "last_login": null, "is_superuser": false, "username": "dud123", "first_name": "Evan", "last_name": "Carr", "email": "jfk@gmail.com", "is_staff": false, "is_active": true, "date_joined": "2020-12-06T03:47:34.681Z", "groups": [], "user_permissions": []}}, {"model": "auth.user", "pk": 7, "fields": {"password": "pbkdf2_sha256$216000$OEHVigemj9O5$HuWhj24uux9QWyvH30Nc7N779sMdLOSr1iR5CD76ORA=", "last_login": null, "is_superuser": false, "username": "beanopj", "first_name": "Valerie", "last_name": "Bean", "email": "beanopj@ptd.net", "is_staff": false, "is_active": true, "date_joined": "2020-12-06T18:03:12.575Z", "groups": [], "user_permissions": []}}, {"model": "auth.user", "pk": 9, "fields": {"password": "pbkdf2_sha256$216000$prf1gt8OlrMe$Uyef1mzeAPGvS/AxuyvsVa0ZF8fduo5ahBC6pPiZfyQ=", "last_login": null, "is_superuser": false, "username": "bobbo2010", "first_name": "Kevin", "last_name": "Blimline", "email": "kblimy2@gmail.com", "is_staff": false, "is_active": true, "date_joined": "2020-12-07T06:21:46.845Z", "groups": [], "user_permissions": []}}, {"model": "contenttypes.contenttype", "pk": 1, "fields": {"app_label": "admin", "model": "logentry"}}, {"model": "contenttypes.contenttype", "pk": 2, "fields": {"app_label": "auth", "model": "permission"}}, {"model": "contenttypes.contenttype", "pk": 3, "fields": {"app_label": "auth", "model": "group"}}, {"model": "contenttypes.contenttype", "pk": 4, "fields": {"app_label": "auth", "model": "user"}}, {"model": "contenttypes.contenttype", "pk": 5, "fields": {"app_label": "contenttypes", "model": "contenttype"}}, {"model": "contenttypes.contenttype", "pk": 6, "fields": {"app_label": "sessions", "model": "session"}}, {"model": "contenttypes.contenttype", "pk": 7, "fields": {"app_label": "authtoken", "model": "token"}}, {"model": "contenttypes.contenttype", "pk": 8, "fields": {"app_label": "authtoken", "model": "tokenproxy"}}, {"model": "contenttypes.contenttype", "pk": 9, "fields": {"app_label": "text_trader", "model": "author"}}, {"model": "contenttypes.contenttype", "pk": 10, "fields": {"app_label": "text_trader", "model": "book"}}, {"model": "contenttypes.contenttype", "pk": 11, "fields": {"app_label": "text_trader", "model": "course"}}, {"model": "contenttypes.contenttype", "pk": 12, "fields": {"app_label": "text_trader", "model": "customer"}}, {"model": "contenttypes.contenttype", "pk": 13, "fields": {"app_label": "text_trader", "model": "listing"}}, {"model": "contenttypes.contenttype", "pk": 14, "fields": {"app_label": "text_trader", "model": "listingrequest"}}, {"model": "contenttypes.contenttype", "pk": 15, "fields": {"app_label": "text_trader", "model": "locality"}}, {"model": "contenttypes.contenttype", "pk": 16, "fields": {"app_label": "text_trader", "model": "major"}}, {"model": "contenttypes.contenttype", "pk": 17, "fields": {"app_label": "text_trader", "model": "schoollocation"}}, {"model": "contenttypes.contenttype", "pk": 18, "fields": {"app_label": "text_trader", "model": "transaction"}}, {"model": "contenttypes.contenttype", "pk": 19, "fields": {"app_label": "text_trader", "model": "school"}}, {"model": "contenttypes.contenttype", "pk": 20, "fields": {"app_label": "text_trader", "model": "coursebook"}}, {"model": "contenttypes.contenttype", "pk": 21, "fields": {"app_label": "text_trader", "model": "requestmessage"}}, {"model": "authtoken.token", "pk": "281342bca2536d43e99124d13a49f1769013b776", "fields": {"user": 6, "created": "2020-12-06T03:49:27.132Z"}}, {"model": "authtoken.token", "pk": "9bd1d4d956f052f03f40732af6182ff40b9fad80", "fields": {"user": 5, "created": "2020-12-06T03:13:21.308Z"}}, {"model": "authtoken.token", "pk": "cd8658d2c8bdb83014d48f31d9c75797b0e9ab8d", "fields": {"user": 7, "created": "2020-12-06T18:03:58.177Z"}}, {"model": "authtoken.token", "pk": "de26106556958cf8a0136c1e07240a4711377e6d", "fields": {"user": 9, "created": "2020-12-07T06:24:40.730Z"}}, {"model": "text_trader.customer", "pk": 4, "fields": {"school": 1, "locality": 4, "date_created": "2020-12-05", "grad_year": 2022, "address": null, "major": [1, 2]}}, {"model": "text_trader.customer", "pk": 5, "fields": {"school": 1, "locality": 1, "date_created": "2020-12-05", "grad_year": 2021, "address": null, "major": [1, 2]}}, {"model": "text_trader.customer", "pk": 6, "fields": {"school": 2, "locality": 3, "date_created": "2020-12-05", "grad_year": 2020, "address": null, "major": [2]}}, {"model": "text_trader.customer", "pk": 7, "fields": {"school": 1, "locality": 5, "date_created": "2020-12-06", "grad_year": 2017, "address": null, "major": [1]}}, {"model": "text_trader.customer", "pk": 9, "fields": {"school": 2, "locality": 5, "date_created": "2020-12-07", "grad_year": 2022, "address": null, "major": [4]}}, {"model": "text_trader.book", "pk": 3, "fields": {"title": "Law and Theology", "subtitle": null, "isbn": "9781506434322", "is_custom": false, "edition": 1, "description": null, "creator": null, "authors": [7]}}, {"model": "text_trader.book", "pk": 5, "fields": {"title": "Software and Hardware Engineering", "subtitle": null, "isbn": "9780195308266", "is_custom": false, "edition": 2, "description": null, "creator": 6, "authors": [1]}}, {"model": "text_trader.book", "pk": 6, "fields": {"title": "Stand your Ground", "subtitle": "Black Bodies and the Justice of God", "isbn": "9781626981096", "is_custom": false, "edition": 1, "description": null, "creator": 7, "authors": [2]}}, {"model": "text_trader.book", "pk": 13, "fields": {"title": "Core Questions in Philosophy", "subtitle": "A Text with Readings", "isbn": "9780205206698", "is_custom": false, "edition": 6, "description": null, "creator": 7, "authors": [4]}}, {"model": "text_trader.book", "pk": 14, "fields": {"title": "Introduction to Programming in Java", "subtitle": "An Interdisciplinary Approach", "isbn": "9780672337840", "is_custom": false, "edition": 2, "description": null, "creator": 7, "authors": [5, 6]}}, {"model": "text_trader.book", "pk": 15, "fields": {"title": "Physics for Scientists and Engineers", "subtitle": "A Strategic Approach with Modern Physics", "isbn": "9780133942651", "is_custom": false, "edition": 4, "description": null, "creator": 9, "authors": [8]}}, {"model": "text_trader.author", "pk": 1, "fields": {"first_name": "Fredrick", "middle_initial": "M", "last_name": "Cady", "creator": null}}, {"model": "text_trader.author", "pk": 2, "fields": {"first_name": "Kelly", "middle_initial": "B", "last_name": "Douglas", "creator": null}}, {"model": "text_trader.author", "pk": 4, "fields": {"first_name": "Elliot", "middle_initial": null, "last_name": "Sober", "creator": 7}}, {"model": "text_trader.author", "pk": 5, "fields": {"first_name": "Kevin", "middle_initial": null, "last_name": "Wayne", "creator": 7}}, {"model": "text_trader.author", "pk": 6, "fields": {"first_name": "Robert", "middle_initial": null, "last_name": "Sedgewick", "creator": 7}}, {"model": "text_trader.author", "pk": 7, "fields": {"first_name": "David", "middle_initial": "W", "last_name": "Opderbeck", "creator": null}}, {"model": "text_trader.author", "pk": 8, "fields": {"first_name": "Randall", "middle_initial": "D", "last_name": "Knight", "creator": 9}}, {"model": "text_trader.locality", "pk": 1, "fields": {"city": "Reinholds", "state": "PA", "zip_code": "17569"}}, {"model": "text_trader.locality", "pk": 2, "fields": {"city": "State College", "state": "PA", "zip_code": "16801"}}, {"model": "text_trader.locality", "pk": 3, "fields": {"city": "Mohnton", "state": "PA", "zip_code": "19540"}}, {"model": "text_trader.locality", "pk": 4, "fields": {"city": "Mechanicsburg", "state": "PA", "zip_code": "17055"}}, {"model": "text_trader.locality", "pk": 5, "fields": {"city": "Wernersville", "state": "PA", "zip_code": "19565"}}, {"model": "text_trader.school", "pk": 1, "fields": {"name": "Messiah University", "primary_color": "#ff6347", "secondary_color": "#ff6347", "date_added": "2020-12-05", "address": "1 University Avenue", "locality": 1}}, {"model": "text_trader.school", "pk": 2, "fields": {"name": "Penn State Main", "primary_color": "#ff6347", "secondary_color": "#ff6347", "date_added": "2020-12-05", "address": "107 Pattee Library Road", "locality": 2}}, {"model": "text_trader.listing", "pk": 3, "fields": {"condition": "vg", "book": 3, "owner": 5, "school": 1, "purchase_price": "30.52", "rental_price": "20.10", "negotiable": false, "fulfilled": false}}, {"model": "text_trader.listing", "pk": 4, "fields": {"condition": "f", "book": 5, "owner": 6, "school": 2, "purchase_price": "10.00", "rental_price": "6.99", "negotiable": false, "fulfilled": false}}, {"model": "text_trader.listing", "pk": 5, "fields": {"condition": "vg", "book": 5, "owner": 5, "school": 1, "purchase_price": "50.00", "rental_price": "23.90", "negotiable": false, "fulfilled": false}}, {"model": "text_trader.listing", "pk": 6, "fields": {"condition": "fr", "book": 6, "owner": 7, "school": 1, "purchase_price": "20.00", "rental_price": "11.90", "negotiable": false, "fulfilled": false}}, {"model": "text_trader.listing", "pk": 7, "fields": {"condition": "fr", "book": 14, "owner": 7, "school": 1, "purchase_price": "30.00", "rental_price": "20.90", "negotiable": false, "fulfilled": false}}, {"model": "text_trader.listing", "pk": 8, "fields": {"condition": "vg", "book": 14, "owner": 9, "school": 2, "purchase_price": "50.00", "rental_price": "40.90", "negotiable": false, "fulfilled": false}}, {"model": "text_trader.listingrequest", "pk": 1, "fields": {"listing": 3, "owner": 5, "rental_asking_price": "10.20", "purchase_asking_price": "120.42"}}, {"model": "text_trader.listingrequest", "pk": 2, "fields": {"listing": 3, "owner": 6, "rental_asking_price": null, "purchase_asking_price": null}}, {"model": "text_trader.listingrequest", "pk": 5, "fields": {"listing": 3, "owner": 7, "rental_asking_price": null, "purchase_asking_price": "20.00"}}, {"model": "text_trader.listingrequest", "pk": 6, "fields": {"listing": 6, "owner": 5, "rental_asking_price": "8.00", "purchase_asking_price": null}}, {"model": "text_trader.major", "pk": 1, "fields": {"major_name": "Electrical Engineering"}}, {"model": "text_trader.major", "pk": 2, "fields": {"major_name": "Computer Engineering"}}, {"model": "text_trader.major", "pk": 3, "fields": {"major_name": "Philosophy"}}, {"model": "text_trader.major", "pk": 4, "fields": {"major_name": "Cybersecurity"}}]